guest,topic,g_view
­³¨Î¼w,½Í¸Ü©Ê,1
¥Ð»R¶§,½Í¸Ü©Ê,1
¶P¤Ö«L,½Í¸Ü©Ê,1
¥ÌµÎ,½Í¸Ü©Ê,1
ªüÀs,½Í¸Ü©Ê,1
¦Ì®æ,½Í¸Ü©Ê,1
¤pÄÁ,ºq¦±,1
¥i©f,ºq¦±,1
Becca ,ºq¦±,1
±d¯ô¯ô ,ºq¦±,1
¼z·O ,ºq¦±,1
¤p¿à ,ºq¦±,1
¼H¤p¥Ê ,ºq¦±,1
Ë¡¤© ,ºq¦±,1
¨H¥ÉµY ,ºq¦±,1
¦pªá ,ºq¦±,1
¨ô¸q®p ,ºq¦±,1
¬_®a»¨ ,ºq¦±,1
¤j®Ú ,ºq¦±,1
ªüªê ,ºq¦±,1
¥d¥j,ºq¦±,1
³\±oÞ³,ºq¦±,1
¦ó¹Å¤å,ºq¦±,1
¸ÑÔÐ²Þ ,Â¾·~,1
Andy ,Â¾·~,1
¼B«B¬X ,Â¾·~,1
´@´@ ,Â¾·~,1
»\©¼ ,Â¾·~,1
¤p¾§ ,Â¾·~,1
ªüªÎ,Â¾·~,1
¤B¾å¶² ,ºq¦±,1
ª÷´¼®S ,ºq¦±,1
¼B®e¹Å ,ºq¦±,1
ªL«T¶h ,ºq¦±,1
­ð±q¸t ,ºq¦±,1
¶¶ÄP ,ºq¦±,1
®L¦tµ£ ,ºq¦±,1
No Name,ºq¦±,1
